Sexo,1,2,3,4,5,6,7,8,9,10,11,12,13,14,15,16,17,18,19,20,21,22,23,24,25,26,27,28,29,30,31,32,33
h,De acuerdo,Totalmente de acuerdo,En desacuerdo,En desacuerdo,totalmente en desacuerdo,En desacuerdo,De acuerdo,En desacuerdo,De acuerdo,De acuerdo,De acuerdo,Ni de acuerdo ni en desacuerdo,Totalmente de acuerdo,En desacuerdo,De acuerdo,Totalmente de acuerdo,En desacuerdo,Totalmente en desacuerdo,Totalmente de acuerdo,En desacuerdo,De acuerdo,En desacuerdo,Totalmente en desacuerdo,Totalmente de acuerdo,Ni de acuerdo ni en desacuerdo,En desacuerdo,De acuerdo,De acuerdo,Totalmente de acuerdo,Totalmente de acuerdo,Ni de acuerdo ni en desacuerdo,De acuerdo,De acuerdo
h,Totalmente de acuerdo,Ni de acuerdo ni en desacuerdo,Totalmente en desacuerdo,totalmente en desacuerdo,En desacuerdo,De acuerdo,Ni de acuerdo ni en desacuerdo,En desacuerdo,Ni de acuerdo ni en desacuerdo,En desacuerdo,Totalmente de acuerdo,Totalmente de acuerdo,Totalmente de acuerdo,Ni de acuerdo ni en desacuerdo,Totalmente en desacuerdo,Totalmente en desacuerdo,Ni de acuerdo ni en desacuerdo,Totalmente en desacuerdo,Totalmente en desacuerdo,Totalmente en desacuerdo,Totalmente en desacuerdo,Totalmente en desacuerdo,Totalmente en desacuerdo,Totalmente en desacuerdo,Totalmente de acuerdo,Totalmente de acuerdo,Totalmente de acuerdo,Totalmente en desacuerdo,Totalmente de acuerdo,Totalmente de acuerdo,Ni de acuerdo ni en desacuerdo,Totalmente en desacuerdo,Totalmente en desacuerdo
h,De acuerdo,De acuerdo,De acuerdo,Ni de acuerdo ni en desacuerdo,Ni de acuerdo ni en desacuerdo,De acuerdo,De acuerdo,De acuerdo,De acuerdo,De acuerdo,De acuerdo,De acuerdo,De acuerdo,Ni de acuerdo ni en desacuerdo,Totalmente de acuerdo,De acuerdo,En desacuerdo,Ni de acuerdo ni en desacuerdo,De acuerdo,De acuerdo,Ni de acuerdo ni en desacuerdo,Ni de acuerdo ni en desacuerdo,En desacuerdo,Ni de acuerdo ni en desacuerdo,En desacuerdo,En desacuerdo,De acuerdo,Ni de acuerdo ni en desacuerdo,De acuerdo,En desacuerdo,De acuerdo,Ni de acuerdo ni en desacuerdo,Ni de acuerdo ni en desacuerdo
h,Totalmente de acuerdo,De acuerdo,En desacuerdo,De acuerdo,En desacuerdo,De acuerdo,De acuerdo,En desacuerdo,De acuerdo,De acuerdo,De acuerdo,Totalmente en desacuerdo,De acuerdo,De acuerdo,De acuerdo,Totalmente de acuerdo,De acuerdo,En desacuerdo,De acuerdo,Ni de acuerdo ni en desacuerdo,En desacuerdo,De acuerdo,Totalmente en desacuerdo,De acuerdo,En desacuerdo,De acuerdo,De acuerdo,En desacuerdo,Ni de acuerdo ni en desacuerdo,De acuerdo,Ni de acuerdo ni en desacuerdo,De acuerdo,De acuerdo
h,De acuerdo,De acuerdo,Ni de acuerdo ni en desacuerdo,Totalmente de acuerdo,Ni de acuerdo ni en desacuerdo,Ni de acuerdo ni en desacuerdo,De acuerdo,Ni de acuerdo ni en desacuerdo,De acuerdo,Ni de acuerdo ni en desacuerdo,En desacuerdo,Ni de acuerdo ni en desacuerdo,Totalmente de acuerdo,De acuerdo,Ni de acuerdo ni en desacuerdo,De acuerdo,Ni de acuerdo ni en desacuerdo,Ni de acuerdo ni en desacuerdo,Totalmente de acuerdo,Totalmente de acuerdo,De acuerdo,Ni de acuerdo ni en desacuerdo,Ni de acuerdo ni en desacuerdo,De acuerdo,En desacuerdo,Ni de acuerdo ni en desacuerdo,Ni de acuerdo ni en desacuerdo,De acuerdo,Ni de acuerdo ni en desacuerdo,De acuerdo,De acuerdo,De acuerdo,Ni de acuerdo ni en desacuerdo
h,De acuerdo,En desacuerdo,En desacuerdo,De acuerdo,Ni de acuerdo ni en desacuerdo,De acuerdo,En desacuerdo,Ni de acuerdo ni en desacuerdo,Ni de acuerdo ni en desacuerdo,En desacuerdo,De acuerdo,Ni de acuerdo ni en desacuerdo,De acuerdo,Ni de acuerdo ni en desacuerdo,Ni de acuerdo ni en desacuerdo,De acuerdo,De acuerdo,Ni de acuerdo ni en desacuerdo,Ni de acuerdo ni en desacuerdo,Ni de acuerdo ni en desacuerdo,Ni de acuerdo ni en desacuerdo,En desacuerdo,Ni de acuerdo ni en desacuerdo,De acuerdo,De acuerdo,Ni de acuerdo ni en desacuerdo,De acuerdo,De acuerdo,Ni de acuerdo ni en desacuerdo,Ni de acuerdo ni en desacuerdo,Ni de acuerdo ni en desacuerdo,Ni de acuerdo ni en desacuerdo,Ni de acuerdo ni en desacuerdo
h,Totalmente de acuerdo,De acuerdo,Ni de acuerdo ni en desacuerdo,De acuerdo,Ni de acuerdo ni en desacuerdo,De acuerdo,De acuerdo,Ni de acuerdo ni en desacuerdo,Ni de acuerdo ni en desacuerdo,Ni de acuerdo ni en desacuerdo,Ni de acuerdo ni en desacuerdo,En desacuerdo,De acuerdo,Ni de acuerdo ni en desacuerdo,Ni de acuerdo ni en desacuerdo,De acuerdo,De acuerdo,Ni de acuerdo ni en desacuerdo,Ni de acuerdo ni en desacuerdo,De acuerdo,De acuerdo,Ni de acuerdo ni en desacuerdo,En desacuerdo,De acuerdo,De acuerdo,Ni de acuerdo ni en desacuerdo,Ni de acuerdo ni en desacuerdo,Ni de acuerdo ni en desacuerdo,Ni de acuerdo ni en desacuerdo,Totalmente de acuerdo,De acuerdo,Ni de acuerdo ni en desacuerdo,De acuerdo
h,De acuerdo,De acuerdo,Ni de acuerdo ni en desacuerdo,De acuerdo,Ni de acuerdo ni en desacuerdo,De acuerdo,De acuerdo,En desacuerdo,De acuerdo,De acuerdo,De acuerdo,Ni de acuerdo ni en desacuerdo,De acuerdo,De acuerdo,Ni de acuerdo ni en desacuerdo,De acuerdo,En desacuerdo,De acuerdo,De acuerdo,De acuerdo,En desacuerdo,De acuerdo,En desacuerdo,De acuerdo,En desacuerdo,De acuerdo,De acuerdo,En desacuerdo,De acuerdo,En desacuerdo,De acuerdo,Ni de acuerdo ni en desacuerdo,De acuerdo
h,De acuerdo,Totalmente de acuerdo,De acuerdo,De acuerdo,En desacuerdo,De acuerdo,De acuerdo,En desacuerdo,De acuerdo,De acuerdo,De acuerdo,Ni de acuerdo ni en desacuerdo,En desacuerdo,De acuerdo,Totalmente de acuerdo,Ni de acuerdo ni en desacuerdo,Ni de acuerdo ni en desacuerdo,En desacuerdo,En desacuerdo,Totalmente de acuerdo,Totalmente de acuerdo,Ni de acuerdo ni en desacuerdo,Totalmente en desacuerdo,De acuerdo,Ni de acuerdo ni en desacuerdo,En desacuerdo,De acuerdo,Totalmente de acuerdo,Totalmente en desacuerdo,Ni de acuerdo ni en desacuerdo,Totalmente en desacuerdo,Totalmente de acuerdo,Totalmente en desacuerdo
h,De acuerdo,De acuerdo,De acuerdo,Ni de acuerdo ni en desacuerdo,En desacuerdo,Totalmente de acuerdo,De acuerdo,En desacuerdo,De acuerdo,De acuerdo,De acuerdo,Ni de acuerdo ni en desacuerdo,De acuerdo,Ni de acuerdo ni en desacuerdo,Ni de acuerdo ni en desacuerdo,Ni de acuerdo ni en desacuerdo,En desacuerdo,En desacuerdo,De acuerdo,De acuerdo,Ni de acuerdo ni en desacuerdo,Ni de acuerdo ni en desacuerdo,Totalmente en desacuerdo,De acuerdo,Ni de acuerdo ni en desacuerdo,En desacuerdo,De acuerdo,De acuerdo,De acuerdo,Totalmente en desacuerdo,De acuerdo,En desacuerdo,De acuerdo
h,De acuerdo,totalmente en desacuerdo,En desacuerdo,De acuerdo,Ni de acuerdo ni en desacuerdo,De acuerdo,De acuerdo,En desacuerdo,De acuerdo,Ni de acuerdo ni en desacuerdo,Ni de acuerdo ni en desacuerdo,En desacuerdo,De acuerdo,En desacuerdo,En desacuerdo,De acuerdo,En desacuerdo,Totalmente en desacuerdo,Ni de acuerdo ni en desacuerdo,Ni de acuerdo ni en desacuerdo,En desacuerdo,Ni de acuerdo ni en desacuerdo,En desacuerdo,De acuerdo,En desacuerdo,Ni de acuerdo ni en desacuerdo,Ni de acuerdo ni en desacuerdo,Totalmente de acuerdo,Ni de acuerdo ni en desacuerdo,En desacuerdo,De acuerdo,Ni de acuerdo ni en desacuerdo,De acuerdo
h,De acuerdo,Ni de acuerdo ni en desacuerdo,Ni de acuerdo ni en desacuerdo,Ni de acuerdo ni en desacuerdo,Ni de acuerdo ni en desacuerdo,De acuerdo,En desacuerdo,Ni de acuerdo ni en desacuerdo,Ni de acuerdo ni en desacuerdo,Ni de acuerdo ni en desacuerdo,De acuerdo,Ni de acuerdo ni en desacuerdo,De acuerdo,Ni de acuerdo ni en desacuerdo,Totalmente de acuerdo,Ni de acuerdo ni en desacuerdo,Ni de acuerdo ni en desacuerdo,Ni de acuerdo ni en desacuerdo,Ni de acuerdo ni en desacuerdo,Ni de acuerdo ni en desacuerdo,Ni de acuerdo ni en desacuerdo,Ni de acuerdo ni en desacuerdo,Ni de acuerdo ni en desacuerdo,De acuerdo,Ni de acuerdo ni en desacuerdo,De acuerdo,De acuerdo,Ni de acuerdo ni en desacuerdo,De acuerdo,Ni de acuerdo ni en desacuerdo,De acuerdo,Ni de acuerdo ni en desacuerdo,De acuerdo
h,De acuerdo,De acuerdo,Totalmente en desacuerdo,Ni de acuerdo ni en desacuerdo,Ni de acuerdo ni en desacuerdo,De acuerdo,En desacuerdo,Totalmente en desacuerdo,De acuerdo,Totalmente de acuerdo,De acuerdo,En desacuerdo,Totalmente de acuerdo,En desacuerdo,De acuerdo,Ni de acuerdo ni en desacuerdo,Ni de acuerdo ni en desacuerdo,Totalmente en desacuerdo,De acuerdo,De acuerdo,En desacuerdo,Ni de acuerdo ni en desacuerdo,Ni de acuerdo ni en desacuerdo,De acuerdo,De acuerdo,En desacuerdo,De acuerdo,Totalmente de acuerdo,De acuerdo,Totalmente en desacuerdo,De acuerdo,Totalmente de acuerdo,De acuerdo
h,Totalmente de acuerdo,Totalmente de acuerdo,Totalmente de acuerdo,De acuerdo,totalmente en desacuerdo,Totalmente de acuerdo,Totalmente en desacuerdo,Ni de acuerdo ni en desacuerdo,Totalmente de acuerdo,De acuerdo,Totalmente de acuerdo,Ni de acuerdo ni en desacuerdo,Totalmente de acuerdo,Totalmente en desacuerdo,De acuerdo,De acuerdo,Totalmente en desacuerdo,Ni de acuerdo ni en desacuerdo,De acuerdo,Ni de acuerdo ni en desacuerdo,En desacuerdo,Ni de acuerdo ni en desacuerdo,Ni de acuerdo ni en desacuerdo,De acuerdo,En desacuerdo,De acuerdo,Ni de acuerdo ni en desacuerdo,Totalmente en desacuerdo,De acuerdo,De acuerdo,De acuerdo,De acuerdo,Totalmente de acuerdo
h,Totalmente de acuerdo,Totalmente de acuerdo,Totalmente en desacuerdo,Totalmente de acuerdo,En desacuerdo,Totalmente de acuerdo,Totalmente de acuerdo,Ni de acuerdo ni en desacuerdo,Totalmente de acuerdo,Totalmente de acuerdo,En desacuerdo,Totalmente de acuerdo,Totalmente de acuerdo,En desacuerdo,De acuerdo,De acuerdo,De acuerdo,Totalmente en desacuerdo,Totalmente de acuerdo,Totalmente de acuerdo,Totalmente de acuerdo,Totalmente de acuerdo,En desacuerdo,Totalmente de acuerdo,En desacuerdo,De acuerdo,Totalmente de acuerdo,En desacuerdo,En desacuerdo,En desacuerdo,Totalmente de acuerdo,Totalmente de acuerdo,Totalmente de acuerdo
